{"cameraMode":{"drawMode":0,"name":"Shaded","section":"Shading Mode"},"sceneLighting":false,"audioPlay":false,"sceneViewState":{"showFog":true,"showMaterialUpdate":true,"showSkybox":false,"showFlares":true,"showImageEffects":true,"showParticleSystems":true},"in2DMode":false,"pivot":{"x":-0.5039334297180176,"y":0.6740725040435791,"z":0.19699907302856446},"rotation":{"x":0.010345278307795525,"y":-0.9878519773483276,"z":0.13599315285682679,"w":0.07482736557722092},"size":2.3269734382629396,"orthographic":false}