{"cameraMode":{"drawMode":0,"name":"Shaded","section":"Shading Mode"},"sceneLighting":true,"audioPlay":false,"sceneViewState":{"showFog":true,"showMaterialUpdate":true,"showSkybox":true,"showFlares":true,"showImageEffects":true,"showParticleSystems":true},"in2DMode":false,"pivot":{"x":1.670386791229248,"y":-4.8452959060668949,"z":6.3167901039123539},"rotation":{"x":0.4284916818141937,"y":-0.004072751849889755,"z":0.0019365499028936029,"w":0.9035781621932983},"size":10.661947250366211,"orthographic":false}