{"cameraMode":{"drawMode":0,"name":"Shaded","section":"Shading Mode"},"sceneLighting":false,"audioPlay":false,"sceneViewState":{"showFog":true,"showMaterialUpdate":false,"showSkybox":false,"showFlares":true,"showImageEffects":true,"showParticleSystems":true},"in2DMode":false,"pivot":{"x":0.1122533455491066,"y":-0.005546615459024906,"z":1.1752495765686036},"rotation":{"x":0.008126570843160153,"y":0.9880433082580566,"z":-0.1435832679271698,"w":0.05605338513851166},"size":1.017054796218872,"orthographic":false}