{"cameraMode":{"drawMode":0,"name":"Shaded","section":"Shading Mode"},"sceneLighting":false,"audioPlay":false,"sceneViewState":{"showFog":true,"showMaterialUpdate":true,"showSkybox":false,"showFlares":true,"showImageEffects":true,"showParticleSystems":true},"in2DMode":false,"pivot":{"x":0.4653981328010559,"y":0.9327214360237122,"z":0.3232833445072174},"rotation":{"x":0.0051019927486777309,"y":0.9861458539962769,"z":-0.16300103068351746,"w":0.031063152477145196},"size":2.3444199562072756,"orthographic":false}