{"cameraMode":{"drawMode":0,"name":"Shaded","section":"Shading Mode"},"sceneLighting":true,"audioPlay":false,"sceneViewState":{"showFog":true,"showMaterialUpdate":false,"showSkybox":true,"showFlares":true,"showImageEffects":true,"showParticleSystems":true},"in2DMode":false,"pivot":{"x":8.457906723022461,"y":1.747456669807434,"z":-1.518850564956665},"rotation":{"x":0.31858736276626589,"y":0.13867582380771638,"z":-0.04715082421898842,"w":0.9365184903144836},"size":6.61870813369751,"orthographic":true}