{"cameraMode":{"drawMode":0,"name":"Shaded","section":"Shading Mode"},"sceneLighting":true,"audioPlay":false,"sceneViewState":{"showFog":true,"showMaterialUpdate":false,"showSkybox":true,"showFlares":true,"showImageEffects":true,"showParticleSystems":true},"in2DMode":false,"pivot":{"x":-0.8439620733261108,"y":1.1746070384979249,"z":1.018969178199768},"rotation":{"x":0.20726044476032258,"y":0.5949229598045349,"z":-0.16232606768608094,"w":0.7594587802886963},"size":2.892298698425293,"orthographic":true}