{"cameraMode":{"drawMode":0,"name":"Shaded","section":"Shading Mode"},"sceneLighting":true,"audioPlay":false,"sceneViewState":{"showFog":true,"showMaterialUpdate":false,"showSkybox":true,"showFlares":true,"showImageEffects":true,"showParticleSystems":true},"in2DMode":false,"pivot":{"x":-0.34716796875,"y":-0.469970703125,"z":1.2110037803649903},"rotation":{"x":0.3231087028980255,"y":0.09912809729576111,"z":-0.034027356654405597,"w":0.9405502080917358},"size":6.352936267852783,"orthographic":true}