{"cameraMode":{"drawMode":0,"name":"Shaded","section":"Shading Mode"},"sceneLighting":false,"audioPlay":false,"sceneViewState":{"showFog":true,"showMaterialUpdate":false,"showSkybox":false,"showFlares":true,"showImageEffects":true,"showParticleSystems":true},"in2DMode":false,"pivot":{"x":-0.9729542136192322,"y":-0.08207505941390991,"z":-2.9780001640319826},"rotation":{"x":0.19267652928829194,"y":0.07058291137218476,"z":-0.013898531906306744,"w":0.9786269068717957},"size":0.835040807723999,"orthographic":true}